,arima,da-rnn,deep-ar,deep-state,lstm,mlp,rf,svr,tft,xgboost
time_to_fit,10.725940338770549,2.072573272387187,5.8767439524332685,34.46524732907613,5.189883557955424,0.04627060095469157,1.4433028062184652,0.16273568471272787,11.23446654478709,0.15333588123321534
time_to_predict,0.008389743169148763,0.02316598892211914,3.315817189216614,58.004971679051714,0.09743220011393229,0.00012583732604980468,0.0954419215520223,0.012609370549519857,6.567685683568318,0.001193984349568685
costs,10.734330081939698,2.0957392613093058,9.192561141649882,92.47021900812784,5.287315758069356,0.04639643828074137,1.5387447277704875,0.17534505526224772,17.802152228355407,0.15452986558278403
