,arima,da-rnn,deep-ar,deep-state,lstm,mlp,rf,svr,tft,xgboost
time_to_fit,3.05096747080485,1.9159668842951456,5.874134206771851,34.08486398855845,4.300968623161316,0.06075678666432698,0.9987347761789958,0.04217800299326579,11.241733964284261,0.07108171780904134
time_to_predict,0.00671223004659017,0.02130440870920817,3.339964683850606,57.87552816867829,0.07583603858947754,0.00010810693105061849,0.050853268305460615,0.009320513407389323,6.614211932818095,0.0010945796966552734
costs,3.0576797008514403,1.9372712930043539,9.214098890622457,91.96039215723674,4.376804661750793,0.0608648935953776,1.0495880444844563,0.051498516400655114,17.855945897102355,0.07217629750569661
