,arima,da-rnn,deep-ar,deep-state,lstm,mlp,rf,svr,tft,xgboost
time_to_fit,1.6921756108601889,2.026260526974996,5.021713558832804,32.58865756193797,9.008001478513082,0.028385750452677407,0.16748004754384357,0.011878776550292968,10.606709798177084,0.19892009894053142
time_to_predict,0.004093003273010254,0.03437623977661133,1.5560905853907268,27.329021747907003,0.11771268844604492,0.00011258125305175781,0.012297932306925457,0.0023481210072835287,3.1124716997146606,0.0011168718338012695
costs,1.696268614133199,2.0606367667516072,6.577804144223531,59.91767930984497,9.125714166959126,0.028498331705729164,0.17977797985076904,0.014226897557576498,13.719181497891745,0.2000369707743327
