,arima,da-rnn,deep-ar,deep-state,lstm,mlp,rf,svr,tft,xgboost
time_to_fit,0.26350984573364256,1.6849940220514934,5.021996696790059,33.13733678658803,14.562901218732199,0.026131081581115722,0.17441577911376954,0.01007672945658366,10.601941633224488,0.11944368680318197
time_to_predict,0.0038336515426635742,0.02705118656158447,1.5595243612925211,27.697902369499207,0.22911569277445476,0.00010721683502197265,0.014200385411580403,0.001211682955423991,3.1415061871210734,0.001196463902791341
costs,0.26734349727630613,1.712045208613078,6.58152105808258,60.83523915608724,14.792016911506654,0.026238298416137694,0.18861616452534993,0.01128841241200765,13.743447820345562,0.12064015070597331
