,arima,da-rnn,deep-ar,deep-state,lstm,mlp,rf,svr,tft,xgboost
time_to_fit,0.183260711034139,1.4122313340504964,5.012114914258321,32.73825093905131,6.972710100809733,0.02926054795583089,1.1513429482777913,2.582196084658305,10.621135449409485,0.11316750049591065
time_to_predict,0.0038114150365193685,0.020450441042582194,1.5737194379170736,28.1144597530365,0.12414528528849283,9.21487808227539e-05,0.07914656003316244,0.002321306864420573,3.2158828099568684,0.0018029054005940755
costs,0.18707212607065835,1.4326817750930785,6.585834352175395,60.85271069208781,7.096855386098226,0.029352696736653645,1.2304895083109537,2.5845173915227257,13.837018259366353,0.11497040589650473
