,arima,da-rnn,deep-ar,deep-state,lstm,mlp,rf,svr,tft,xgboost
time_to_fit,1.6810816287994386,0.7173997481664022,5.897858810424805,33.9331113576889,3.2431109666824343,0.05818690458933513,0.7657150030136108,0.03454833825429281,11.282898108164469,0.5033983548482259
time_to_predict,0.007117001215616862,0.006592281659444173,3.3468813339869183,57.72239292462667,0.05653429826100667,0.00011953512827555339,0.04676671822865804,0.007300527890523275,6.703430104255676,0.0013368686040242514
costs,1.6881986300150553,0.7239920298258463,9.244740144411724,91.65550428231558,3.299645264943441,0.05830643971761068,0.8124817212422689,0.04184886614481608,17.986328212420144,0.5047352234522502
