,arima,da-rnn,deep-ar,deep-state,lstm,mlp,rf,svr,tft,xgboost
time_to_fit,1.4938273111979166,0.3556417385737101,5.005693213144938,30.467464137077332,3.6616714795430503,0.06919328371683757,0.15113882223765054,0.008355100949605307,10.560509427388508,0.239970866839091
time_to_predict,0.0036816914876302083,0.007035295168558757,1.5984095255533854,27.311265047391256,0.06346516609191895,6.852149963378906e-05,0.01199045976003011,0.0019978046417236327,3.1376041730244952,0.0016256252924601237
costs,1.4975090026855469,0.3626770337422689,6.604102738698323,57.77872918446859,3.725136645634969,0.06926180521647136,0.16312928199768065,0.01035290559132894,13.698113600413004,0.24159649213155113
