,arima,da-rnn,deep-ar,deep-state,lstm,mlp,rf,svr,tft,xgboost
time_to_fit,0.325618577003479,1.7582532326380411,5.003866505622864,32.27568120956421,4.3334447860717775,0.020756189028422037,0.1205975612004598,0.005659842491149902,10.519890054066975,0.05643870830535889
time_to_predict,0.003677678108215332,0.027326496442159016,1.6361382881800333,27.247440775235493,0.08118889331817628,8.956591288248698e-05,0.011596377690633137,0.0022115071614583334,3.1555100679397583,0.0016150633494059245
costs,0.32929625511169436,1.7855797290802002,6.640004793802897,59.5231219847997,4.414633679389953,0.020845754941304525,0.13219393889109293,0.007871349652608235,13.675400122006733,0.058053771654764816
