,arima,da-rnn,deep-ar,deep-state,lstm,mlp,rf,svr,tft,xgboost
time_to_fit,0.3503175179163615,0.3864014069239298,5.0043596188227335,33.20157728989919,6.538789010047912,0.017972993850708007,0.15300399462382,0.02163994312286377,10.60141081015269,0.24023610750834148
time_to_predict,0.0071976979573567705,0.0070816993713378905,1.5890163421630858,27.442529678344727,0.11562604109446208,0.00010480086008707682,0.011411253611246746,0.001994744936625163,3.1721014976501465,0.0013292312622070312
costs,0.35751521587371826,0.3934831062952677,6.593375960985819,60.64410696824392,6.654415051142374,0.018077794710795084,0.16441524823506676,0.023634688059488932,13.773512307802836,0.2415653387705485
