,arima,da-rnn,deep-ar,deep-state,lstm,mlp,rf,svr,tft,xgboost
time_to_fit,1.7104451497395834,2.075093428293864,5.030763006210327,33.43944447835286,6.079148626327514,0.03681398232777913,0.7996293067932129,0.02840096950531006,10.61253833770752,0.20260048707326253
time_to_predict,0.004151368141174316,0.03247629006703694,1.6157732486724854,27.26309940020243,0.09477841059366862,7.975896199544271e-05,0.046916961669921875,0.00038094520568847655,3.1339742024739583,0.0011405865351359048
costs,1.7145965178807576,2.107569718360901,6.646536254882812,60.70254387855529,6.1739270369211825,0.03689374128977457,0.8465462684631347,0.028781914710998537,13.746512540181477,0.20374107360839844
