,arima,da-rnn,deep-ar,deep-state,lstm,mlp,rf,svr,tft,xgboost
time_to_fit,0.7207460641860962,7.646314152081808,5.842987275123596,34.60033827622731,4.232609224319458,0.03852252165476481,2.071794358889262,0.05525667667388916,11.057851107915242,0.5112989743550619
time_to_predict,0.0065005858739217125,0.0943383534749349,3.298456319173177,58.81151185035706,0.07271614074707031,0.00023112297058105468,0.05193636417388916,0.0034824609756469727,6.534133505821228,0.0015536864598592122
costs,0.7272466500600179,7.740652505556743,9.141443594296772,93.41185012658437,4.305325365066529,0.03875364462534586,2.1237307230631512,0.05873913764953613,17.59198461373647,0.5128526608149211
