,arima,da-rnn,deep-ar,deep-state,lstm,mlp,rf,svr,tft,xgboost
costs,135.585599899292,164.05072808265686,279.2966103553772,2782.3019680976868,134.30318188667297,1.4356722831726074,4.462436676025391,3.1829349994659424,535.6395769119263,1.7976248264312744
