,arima,da-rnn,deep-ar,deep-state,lstm,mlp,rf,svr,tft,xgboost
time_to_fit,5.086938039461772,2.861739198366801,5.893602077166239,34.614252082506816,10.203320638338726,0.03197017510732015,1.4048882246017456,0.23463305632273357,11.237552563349405,0.7127942403157552
time_to_predict,0.006141082445780436,0.03942506313323975,3.380376180013021,58.93946250279745,0.18246159553527833,0.00014500617980957032,0.05297869046529134,0.010047634442647299,6.683584992090861,0.0012560049692789713
costs,5.093079121907552,2.9011642615000404,9.27397825717926,93.55371458530426,10.385782233874004,0.03211518128712972,1.457866915067037,0.24468069076538088,17.921137555440268,0.7140502452850342
