,arima,da-rnn,deep-ar,deep-state,lstm,mlp,rf,svr,tft,xgboost
time_to_fit,0.22292675177256266,0.07406423886617025,4.4747254848480225,32.60050717194875,5.237353603045146,0.024389195442199706,0.10081015427907308,0.0013398965199788412,10.167624115943909,0.051946226755777994
time_to_predict,0.0033722559611002604,0.0039652824401855465,0.40137938658396405,7.1040432214736935,0.05003910064697266,6.888707478841146e-05,0.009766356150309245,0.00024242401123046874,0.7851779460906982,0.0009577830632527669
costs,0.22629900773366293,0.07802952130635579,4.876104871431987,39.704550393422444,5.2873927036921184,0.024458082516988118,0.11057651042938232,0.00158232053120931,10.952802062034607,0.05290400981903076
