,arima,da-rnn,deep-ar,deep-state,lstm,mlp,rf,svr,tft,xgboost
time_to_fit,23.605069963137307,1.01748046875,5.877146093050639,34.76062084039052,11.334842252731324,0.030683223406473795,0.23362326622009277,0.07934269905090333,11.03548108736674,0.07214268843332926
time_to_predict,0.010070236523946126,0.011744999885559082,3.3811396678288776,58.75706206957499,0.20721981525421143,0.0001497666041056315,0.02398819923400879,0.008767088254292807,6.49560329914093,0.00158538023630778
costs,23.615140199661255,1.029225468635559,9.258285760879517,93.51768290996552,11.542062067985535,0.030832990010579427,0.2576114654541016,0.08810978730519613,17.531084386507672,0.07372806866963703
