,arima,da-rnn,deep-ar,deep-state,lstm,mlp,rf,svr,tft,xgboost
time_to_fit,6.786438067754109,1.0286965211232504,5.883272433280945,34.802481039365134,16.399899888038636,0.035070220629374184,0.4045353571573893,0.04378786087036133,11.24610869884491,0.06473110516866049
time_to_predict,0.007519292831420899,0.012104280789693196,3.2857895453770953,58.01133927504222,0.2865619500478109,0.00014413992563883465,0.013194473584493,0.0073575258255004885,6.627629645665487,0.001138448715209961
costs,6.79395736058553,1.0408008019129436,9.169061978658041,92.81382031440735,16.686461838086448,0.03521436055501302,0.4177298307418823,0.05114538669586182,17.873738344510397,0.06586955388387045
