,arima,da-rnn,deep-ar,deep-state,lstm,mlp,rf,svr,tft,xgboost
time_to_fit,0.35880792935689293,1.024142583211263,5.860892089207967,34.84758279323578,6.838797386487325,0.03446443080902099,0.2520572662353516,0.05312188466389974,11.050465377171834,0.04315958817799886
time_to_predict,0.007258327802022299,0.011908801396687825,3.362010661760966,58.61979356606801,0.1178309440612793,0.00014119148254394532,0.012448414166768392,0.008647871017456055,6.440754612286885,0.0012622674306233723
costs,0.3660662571589152,1.0360513846079509,9.222902750968933,93.46737635930378,6.956628330548605,0.03460562229156494,0.26450568040211997,0.0617697556813558,17.49121998945872,0.04442185560862223
