,arima,da-rnn,deep-ar,deep-state,lstm,mlp,rf,svr,tft,xgboost
time_to_fit,1.5132360378901164,1.8338860273361206,5.080691925684611,31.879682485262553,5.490528011322022,0.024776864051818847,0.13392510414123535,0.004714703559875489,10.48922304312388,0.10771954854329427
time_to_predict,0.004247299830118815,0.026995229721069335,1.5717322985331217,27.677147499720256,0.10562677383422851,0.00010150273640950521,0.012127304077148437,0.0004119237263997396,3.184467593828837,0.002288524309794108
costs,1.5174833377202352,1.86088125705719,6.652424224217732,59.55682998498281,5.5961547851562505,0.024878366788228353,0.14605240821838378,0.005126627286275228,13.673690636952717,0.11000807285308838
