,arima,da-rnn,deep-ar,deep-state,lstm,mlp,rf,svr,tft,xgboost
time_to_fit,1.1694366772969564,2.624589188893636,5.028347365061442,32.340546854337056,3.593134864171346,0.05260133743286133,0.5700808763504028,0.11380391915639242,10.600554847717286,0.18230976263682047
time_to_predict,0.0041336139043172205,0.04130105177561442,1.652994124094645,27.51083684762319,0.05359291235605876,8.179346720377604e-05,0.043591936429341636,0.0039626439412434895,3.2126124143600463,0.0023444493611653647
costs,1.1735702912012738,2.6658902406692504,6.681341489156087,59.851383701960245,3.646727776527405,0.05268313090006511,0.6136728127797445,0.1177665630976359,13.813167262077332,0.18465421199798585
