,arima,da-rnn,deep-ar,deep-state,lstm,mlp,rf,svr,tft,xgboost
time_to_fit,0.08226266702016195,5.302910002072652,5.835417151451111,34.149725166956586,2.8981537501017254,0.04009002844492594,0.15877114137013754,0.020021526018778484,11.078675150871277,0.08183753490447998
time_to_predict,0.006195966402689616,0.07086344559987386,3.374580486615499,59.51482922236125,0.053202128410339354,0.00012809435526529948,0.011439148585001628,0.0011864185333251953,6.602087004979452,0.0013989448547363282
costs,0.08845863342285157,5.373773447672526,9.20999763806661,93.66455438931783,2.951355878512065,0.04021812280019124,0.17021028995513918,0.021207944552103678,17.68076215585073,0.0832364797592163
