,arima,da-rnn,deep-ar,deep-state,lstm,mlp,rf,svr,tft,xgboost
time_to_fit,1.1800617933273316,0.7993717670440674,4.999033896128337,32.6093153556188,2.5705520073572794,0.022772669792175293,0.10926570892333984,0.07087452411651611,10.59711438814799,0.12479314009348551
time_to_predict,0.005192367235819498,0.013988788922627766,1.6023980458577474,27.600415579477946,0.05372308890024821,0.00023454825083414713,0.010059364636739095,0.004239567120869954,3.140269430478414,0.0025891939798990886
costs,1.185254160563151,0.8133605559666952,6.601431941986084,60.209730935096744,2.6242750962575276,0.02300721804300944,0.11932507356007893,0.07511409123738606,13.737383818626403,0.1273823340733846
