,arima,da-rnn,deep-ar,deep-state,lstm,mlp,rf,svr,tft,xgboost
time_to_fit,1.3532671133677165,4.575037463506063,4.972335767745972,32.66375130017598,4.409799687067667,0.028231318791707358,0.7415810743967692,0.014974451065063477,10.523063023885092,0.2992427349090576
time_to_predict,0.003613702456156413,0.08997246424357096,1.6182363907496133,27.563590161005656,0.08045390446980795,0.00010830561319986979,0.046922461191813154,0.0035464684168497723,3.256226642926534,0.0018836577733357747
costs,1.356880815823873,4.665009927749634,6.590572158495585,60.22734146118164,4.490253591537475,0.028339624404907227,0.7885035355885824,0.01852091948191325,13.779289666811625,0.3011263926823934
