,arima,da-rnn,deep-ar,deep-state,lstm,mlp,rf,svr,tft,xgboost
time_to_fit,2.122059679031372,2.7964457750320433,5.870711429913839,34.808305048942564,5.1033750931421915,0.032316064834594725,0.35657068888346355,0.114702836672465,11.090486256281535,0.4865418990453084
time_to_predict,0.007131743431091309,0.035161066055297854,3.3189547459284463,57.96295091311137,0.10744513670603434,0.00013733704884847004,0.013118227322896322,0.014007496833801269,6.450257253646851,0.002925880750020345
costs,2.1291914224624633,2.831606841087341,9.189666175842286,92.77125596205394,5.210820229848226,0.03245340188344319,0.36968891620635985,0.12871033350626626,17.540743509928387,0.4894677797953288
