,arima,da-rnn,deep-ar,deep-state,lstm,mlp,rf,svr,tft,xgboost
time_to_fit,2.4417021751403807,1.9309888442357381,5.034333507219951,33.215000128746034,2.7013334671656293,0.029219373067220052,0.11611852645874024,0.011190152168273926,10.609707069396972,0.1608109474182129
time_to_predict,0.0039046128590901692,0.03180836836496989,1.6020477612813313,27.402883172035217,0.04852626323699951,8.817513783772786e-05,0.011135482788085937,0.002363856633504232,3.21623736222585,0.0011351267496744792
costs,2.4456067879994707,1.962797212600708,6.636381268501282,60.61788330078125,2.749859730402629,0.02930754820505778,0.12725400924682617,0.013554008801778157,13.825944431622823,0.16194607416788737
