,arima,da-rnn,deep-ar,deep-state,lstm,mlp,rf,svr,tft,xgboost
time_to_fit,0.9259545167287191,4.100337115923564,5.834045958518982,33.707442243893944,6.413642048835754,0.03407017389933268,0.282728902498881,0.023918883005777995,11.05554727713267,0.16534342765808105
time_to_predict,0.00730296770731608,0.04638981819152832,3.319159197807312,58.28151650428772,0.1173856496810913,0.00023450056711832684,0.012923471132914225,0.008397205670674642,6.690897019704183,0.001604596773783366
costs,0.9332574844360352,4.146726934115092,9.153205156326294,91.98895874818166,6.531027698516846,0.03430467446645101,0.2956523736317952,0.03231608867645264,17.746444296836852,0.1669480244318644
