,arima,da-rnn,deep-ar,deep-state,lstm,mlp,rf,svr,tft,xgboost
time_to_fit,24.630549375216166,7.35282994111379,5.872890329360962,34.2618851184845,5.841320172945658,0.07149808406829834,1.539533789952596,0.2484930435816447,11.212213333447774,0.12603968779246014
time_to_predict,0.010113851229349772,0.09219632148742676,3.3433378378550214,57.95415528615316,0.1009383757909139,0.0002725839614868164,0.04978455702463786,0.010841727256774902,6.74046167532603,0.001187316576639811
costs,24.640663226445515,7.445026262601217,9.216228167215982,92.21604040463765,5.942258548736572,0.07177066802978516,1.5893183469772338,0.2593347708384196,17.952675008773802,0.12722700436909995
