,arima,da-rnn,deep-ar,deep-state,lstm,mlp,rf,svr,tft,xgboost
time_to_fit,2.8676536242167154,1.957360068957011,5.925757304827372,33.92230806350708,5.091902693112691,0.030825694402058918,0.37465086778004963,0.4639387845993042,11.110089858373007,0.10207147598266601
time_to_predict,0.0069427092870076495,0.02141759395599365,3.3854917367299397,59.002379719416304,0.09800162315368652,0.0001180410385131836,0.013920108477274576,0.006286327044169108,6.552641328175863,0.001221617062886556
costs,2.8745963335037232,1.9787776629130047,9.311249041557312,92.92468778292339,5.189904316266378,0.030943735440572103,0.38857097625732423,0.4702251116434733,17.662731186548868,0.10329309304555256
