,arima,da-rnn,deep-ar,deep-state,lstm,mlp,rf,svr,tft,xgboost
time_to_fit,0.26447333494822184,0.38367851575215656,5.086731219291687,31.393294064203896,9.960558144251506,0.020323419570922853,0.15655401547749836,0.005061618487040202,10.629855219523112,0.1974246104558309
time_to_predict,0.003855252265930176,0.006694881121317545,1.6069973707199097,27.30632880528768,0.16924148400624592,0.00010666052500406901,0.011894647280375164,0.0011823654174804687,3.1681213776270547,0.0011300007502237956
costs,0.26832858721415204,0.3903733968734741,6.693728590011597,58.69962286949158,10.129799628257752,0.020430080095926922,0.16844866275787354,0.006243983904520671,13.797976597150166,0.1985546112060547
