,arima,da-rnn,deep-ar,deep-state,lstm,mlp,rf,svr,tft,xgboost
time_to_fit,8.42477035522461,0.7255462805430094,5.873014704386393,34.08520518143972,3.6313213745752972,0.027620855967203775,0.613030473391215,0.13268288771311443,11.24421096642812,0.043057187398274736
time_to_predict,0.008464813232421875,0.0065514564514160155,3.285855436325073,57.57746272087097,0.06508103211720785,0.000147398312886556,0.01293939749399821,0.01039432684580485,6.690367913246154,0.0010621229807535808
costs,8.433235168457031,0.7320977369944254,9.158870140711466,91.66266790231069,3.696402406692505,0.027768254280090332,0.6259698708852132,0.14307721455891928,17.934578879674277,0.04411931037902832
