,arima,da-rnn,deep-ar,deep-state,lstm,mlp,rf,svr,tft,xgboost
time_to_fit,0.3290570656458537,2.523923643430074,5.0747759739557905,32.83302137056987,3.246323506037394,0.02820477485656738,0.14182500839233397,0.010600694020589193,10.59484441280365,0.07620936234792074
time_to_predict,0.003888384501139323,0.041754778226216635,1.6146180629730225,27.338110518455505,0.05825134118398031,9.046395619710287e-05,0.010656428337097169,0.001969122886657715,3.1819408734639487,0.0010344266891479492
costs,0.332945450146993,2.5656784216562905,6.689394036928813,60.171131889025375,3.3045748472213745,0.028295238812764485,0.15248143672943115,0.012569816907246907,13.776785286267598,0.07724378903706869
