,arima,da-rnn,deep-ar,deep-state,lstm,mlp,rf,svr,tft,xgboost
time_to_fit,1.7939335664113363,0.3580342769622803,5.003762555122376,32.65327075322469,6.9929522514343265,0.04517828623453776,0.11688228448232015,0.11453592777252197,10.563714782396952,0.1375588337580363
time_to_predict,0.004011027018229167,0.007000358899434408,1.6436824957529703,27.299672079086303,0.12615612347920735,7.721583048502604e-05,0.010922749837239584,0.002983760833740234,3.256137315432231,0.0017276922861735025
costs,1.7979445934295655,0.3650346358617147,6.647445050875346,59.952942832310995,7.119108374913534,0.04525550206502279,0.12780503431955972,0.1175196886062622,13.819852097829182,0.1392865260442098
