,arima,da-rnn,deep-ar,deep-state,lstm,mlp,rf,svr,tft,xgboost
time_to_fit,0.5902750809987386,2.141495712598165,4.9853280544281,32.17643723487854,3.181117860476176,0.05502954324086507,0.16650337378184002,0.23748540878295898,10.517273386319479,0.13521029949188232
time_to_predict,0.0036436875661214193,0.03238207499186198,1.58006907304128,27.10056835015615,0.054098892211914065,9.86019770304362e-05,0.011581659317016602,0.006348760922749838,3.074718411763509,0.0017337878545125327
costs,0.59391876856486,2.173877787590027,6.56539712746938,59.277005585034686,3.23521675268809,0.05512814521789551,0.17808503309885662,0.24383416970570881,13.591991798082988,0.13694408734639485
