,arima,da-rnn,deep-ar,deep-state,lstm,mlp,rf,svr,tft,xgboost
time_to_fit,4.8729673226674395,0.35824150244394937,5.024217470486959,31.35073850154877,3.9354578892389935,0.028342223167419432,1.2415088256200155,0.07063460350036621,10.63997580210368,0.032250595092773435
time_to_predict,0.006295410792032877,0.006665730476379394,1.5773860136667888,27.483484180768333,0.06988199551900227,7.874170939127604e-05,0.09344589710235596,0.0020995855331420897,3.251975115140279,0.001015305519104004
costs,4.8792627334594725,0.3649072329203288,6.601603484153747,58.834222682317105,4.005339884757996,0.028420964876810707,1.3349547227223715,0.0727341890335083,13.891950917243959,0.03326590061187744
