,arima,da-rnn,deep-ar,deep-state,lstm,mlp,rf,svr,tft,xgboost
time_to_fit,2.6308854897816976,1.5965371608734131,5.871084920565287,33.99874203999837,4.2425122658411665,0.04313239256540934,1.8190052191416421,0.07556180953979492,11.31041202545166,0.09276968638102213
time_to_predict,0.006676713625590007,0.016575964291890462,3.346784989039103,57.97511999607086,0.07418089707692464,0.00010607242584228515,0.09656024773915609,0.007477100690205892,6.661111513773601,0.001159056027730306
costs,2.6375622034072874,1.6131131251653037,9.21786990960439,91.97386203606922,4.316693162918091,0.04323846499125163,1.9155654668807982,0.08303891023000082,17.97152353922526,0.09392874240875244
