,arima,da-rnn,deep-ar,deep-state,lstm,mlp,rf,svr,tft,xgboost
time_to_fit,4.163449454307556,10.194929027557373,5.87044460773468,34.4763512134552,6.246559556325277,0.032965532938639325,0.4121337652206421,0.06924086411794027,11.005114984512328,0.375922417640686
time_to_predict,0.008837111790974935,0.12842291196187336,3.324596659342448,58.41257014274597,0.10886969566345214,0.0001578807830810547,0.012888058026631673,0.007918516794840494,6.539241711298625,0.0021917025248209634
costs,4.172286566098531,10.323351939519247,9.195041267077128,92.88892135620117,6.355429251988729,0.03312341372172038,0.4250218232472738,0.07715938091278077,17.544356695810954,0.378114120165507
