,arima,da-rnn,deep-ar,deep-state,lstm,mlp,rf,svr,tft,xgboost
time_to_fit,3.5538142760594686,2.7857448498408,5.841091815630595,34.665874393781024,15.414654843012492,0.044713370005289715,0.3864958604176839,0.17192290623982748,11.096220032374065,0.5067914009094239
time_to_predict,0.007942438125610352,0.034975163141886395,3.2989699522654217,57.69260234832764,0.2383758544921875,0.00012161731719970704,0.013006639480590821,0.01146241823832194,6.538494372367859,0.0023779869079589844
costs,3.561756714185079,2.8207200129826866,9.140061767896016,92.35847674210866,15.65303069750468,0.044834987322489424,0.39950249989827474,0.18338532447814943,17.634714404741924,0.5091693878173829
