,arima,da-rnn,deep-ar,deep-state,lstm,mlp,rf,svr,tft,xgboost
time_to_fit,0.3920612891515096,0.3825161139170329,5.044890054066976,32.40633944670359,2.692708953221639,0.03186050256093343,0.13966159025828043,0.011104154586791991,10.580785044034322,0.07201755841573079
time_to_predict,0.0042845328648885095,0.007000732421875,1.5730280478795369,27.70289556980133,0.05667545000712077,9.293556213378907e-05,0.011635128657023113,0.0020941893259684243,3.20667515595754,0.0010853131612141927
costs,0.3963458220163981,0.3895168463389079,6.617918101946513,60.109235016504925,2.7493844032287598,0.03195343812306722,0.15129671891530355,0.013198343912760415,13.787460199991862,0.07310287157694499
