,arima,da-rnn,deep-ar,deep-state,lstm,mlp,rf,svr,tft,xgboost
time_to_fit,0.11011935869852701,0.739848772684733,5.856666612625122,34.206450502077736,4.333835498491923,0.05448612372080485,1.525613260269165,0.14096790949503582,10.974093413352966,0.11464195251464844
time_to_predict,0.005188449223836263,0.006305615107218425,3.332384951909383,58.199101273218794,0.0676239569981893,0.0001203775405883789,0.09337337017059326,0.006805062294006348,6.539376457532247,0.001308123270670573
costs,0.11530780792236328,0.7461543877919514,9.189051564534505,92.40555177529653,4.401459455490112,0.05460650126139323,1.6189866304397582,0.14777297178904217,17.513469870885213,0.11595007578531902
